"Site Name","Site Location","Cluster","Site Acronym","7Li","9Be","23Na","24Mg","27Al","39K","44Ca","51V","52Cr","55Mn","56Fe","59Co","60Ni","65Cu","66Zn","75As","82Se","88Sr","95Mo","107Ag","111Cd","115In","121Sb","138Ba","202Hg","208Pb","238U","date"
"APA1A","Theodore Roosevelt Dam","srp","Apache, eppi, upper",111.6,0.017,163700,13520,32.22,11550,50110,4.939,0.647,106.8,75.91,0.116,1.403,1.943,19.65,5.111,1.826,510.9,1.486,0.004,0.111,NA,0.219,145.8,0.138,0.126,1.128,2012-11-04
"APA1B","Theodore Roosevelt Dam","srp","Apache, hypo, upper",111.1,0.012,160600,15710,27.67,11480,49980,4.75,0.555,92.67,43.61,0.098,1.229,0.859,8.214,5.126,1.828,505.8,1.449,0.006,0.034,NA,0.196,123,0.112,0.12,1.113,2012-11-04
"APA2A","apache lake","srp","Apache, eppi, lower",109.2,0.008,157000,8994,22.21,11610,50330,4.745,0.583,97.61,40.54,0.096,1.36,1.224,9.145,5.004,1.663,505.1,1.42,0.008,0.085,NA,0.187,121.7,0.09,0.072,1.102,2012-11-04
"APA2B","apache lake","srp","Apache, hypo, lower",109.3,0.002,156200,13160,11.89,11330,50280,4.817,0.466,136.8,42.64,0.095,1.29,0.847,6.307,4.892,2.237,506.4,1.427,0.009,0.023,NA,0.171,102.2,0.081,0.044,1.109,2012-11-04
"Can1A","Canyon Lake, upper","srp","Canyon, eppi, upper",106.3,0.002,229000,16930,19.56,13820,53830,4.739,0.98,114.5,58.12,0.087,1.259,0.92,60.09,4.62,0.976,500.9,1.362,0.001,0.046,NA,0.164,153.2,0.071,0.081,1.063,2012-11-04
"Can1B","Canyon Lake, upper","srp","Canyon, hypo, upper",106,0,221900,20260,13.66,14420,52130,4.652,0.578,109.8,46.14,0.086,1.179,0.809,11.68,4.56,1.708,501.4,1.354,-0.005,0.04,NA,0.18,114.8,0.062,0.059,1.066,2012-11-04
"Can2A","Canyon Lake, lower","srp","Canyon, eppi, lower",106.1,0.003,201000,15040,12.56,13470,52070,4.646,0.503,136.2,33.19,0.08,1.157,0.761,9.788,4.5,1.73,500.7,1.4,0.003,0.021,NA,0.16,122.8,0.058,0.059,1.067,2012-11-04
"Can2B","Canyon Lake, lower","srp","Canyon, hypo, lower",107.1,0.005,199400,16630,10.14,13460,51530,4.625,0.524,88.21,26.26,0.077,1.201,1.043,9.784,4.555,2.626,504.4,1.343,-0.002,0.195,NA,0.163,119.3,0.049,0.062,1.065,2012-11-04
"R10","Salt River below Saguaro (Blue Point Bridge)","salt","salt blw saguaro",101.5,-0.008,147600,14230,2.727,10860,46460,4.221,0.473,0.471,4.284,0.067,1.005,1.137,10.35,4.512,1.579,508.8,1.503,-0.004,-0.004,NA,0.762,132.1,0.043,0.051,1.166,2012-11-04
"R25","verde river at beeline highway","verde","verde @ beeline",29.54,-0.003,36090,29900,12.6,5358,39370,4.873,0.618,1.326,8.408,0.112,0.997,1.091,9.191,14.99,1.141,695.8,2.476,0,0.01,NA,0.287,102.6,0.035,0.018,1.948,2012-11-04
"R2A","Lake Pleasant integrated sample","cap","pleasant-epi",35.72,-0.004,66890,22220,10.91,7107,62360,2.634,0.416,0.736,5.073,0.096,1.722,1.126,13.32,3.349,3.151,1009,3.849,-0.001,0.002,NA,0.356,158.9,0.291,0.009,3.504,2012-11-04
"R3","central arizona project","cap","central arizona project",35.47,0.003,64320,22610,2.84,7380,63520,2.643,0.431,0.139,4.775,0.089,1.673,1.39,65.54,2.485,2.836,960.4,3.541,-0.003,0.003,NA,0.359,206.9,0.041,0.01,3.285,2012-11-04
"Roos1A","theodore roosevelt lake, upper","srp","Roosevelt, eppi, upper",147.2,0.398,151900,11990,46.29,11370,51330,7.123,0.871,12.64,74.7,0.466,1.617,1.677,39.9,5.391,5.848,609,3.288,0.375,0.445,NA,0.716,208.7,1.34,0.481,1.715,2012-11-04
"Roos1B","theodore roosevelt lake, upper","srp","Roosevelt, hypo, upper",148.2,0.106,150600,15720,99.27,11460,50610,7.35,0.792,27.63,151.3,0.27,1.695,2.442,13.88,4.975,3.048,612.2,1.901,0.047,0.564,NA,0.372,118.1,0.492,0.37,1.468,2012-11-04
"Roos2A","theodore roosevelt lake, lower","srp","Roosevelt, eppi, lower",134.5,0.052,153300,18770,33.55,10830,49560,6.602,0.635,51.17,42.22,0.166,1.307,1.585,12.81,4.734,2.457,580.4,1.635,0.013,0.101,NA,0.284,156.4,0.271,0.129,1.36,2012-11-04
"Roos2B","theodore roosevelt lake, lower","srp","Roosevelt, hypo, lower",133.1,0.02,153000,17200,34.69,10910,49190,6.553,0.678,33.3,39.42,0.13,1.319,1.061,51.26,4.635,2.472,579,1.569,0.013,0.038,NA,0.275,159.6,0.181,0.077,1.324,2012-11-04
"APA1A","Theodore Roosevelt Dam","srp","Apache, eppi, upper",106.4,-0.011,185300,15620,21.85,9459,51030,3.118,0.827,11.81,35.62,0.093,1.389,2.124,45.81,4.347,-1.441,508.4,1.489,-0.023,0.094,NA,0.268,236.2,0.13,0.139,1.106,2013-02-05
"APA1B","Theodore Roosevelt Dam","srp","Apache, hypo, upper",106.4,-0.013,183400,15780,20.25,9370,51160,3.244,0.782,12.79,36.93,0.088,1.318,1.261,13.37,4.333,-1.801,512,1.449,-0.023,0.038,NA,0.224,133.9,0.121,0.176,1.109,2013-02-05
"APA2A","apache lake","srp","Apache, eppi, lower",105.3,-0.018,184100,15740,21.11,9211,54700,3.237,0.496,12.18,36.73,0.086,1.278,1.156,11.32,4.226,-1.679,526.4,1.434,-0.024,0.047,NA,0.208,139.3,0.119,0.065,1.132,2013-02-05
"APA2B","apache lake","srp","Apache, hypo, lower",114.2,-0.017,195000,17300,25.98,9814,52970,3.646,0.693,11.87,37.98,0.089,1.515,1.283,15.87,4.653,-1.987,540.8,1.599,-0.022,0.033,NA,0.212,195.3,0.103,0.078,1.216,2013-02-05
"Can1A","Canyon Lake, upper","srp","Canyon, eppi, upper",92.4,0.023,157900,13770,27.4,8478,45750,1.908,0.536,8.019,34.4,0.092,1.39,1.129,49.76,3.707,0.405,439,1.612,-0.002,0.036,NA,0.903,236.4,0.334,0.156,0.987,2013-02-05
"Can1B","Canyon Lake, upper","srp","Canyon, hypo, upper",104.4,0.004,176000,15130,17.87,9105,53890,2.273,0.318,19.52,39.85,0.092,1.392,1.019,18.73,3.947,-0.276,512.3,1.539,-0.015,0.062,NA,0.345,143.2,0.226,0.126,1.131,2013-02-05
"Can2A","Canyon Lake, lower","srp","Canyon, eppi, lower",91.48,-0.002,157500,13790,37.42,8327,48510,2.486,0.501,10.35,33.95,0.083,1.444,1.372,14.92,3.737,-0.631,452.3,1.333,-0.021,0.109,NA,0.241,127.1,0.165,0.117,0.977,2013-02-05
"Can2B","Canyon Lake, lower","srp","Canyon, hypo, lower",106.3,-0.013,181600,16080,15.65,9298,52670,2.809,0.629,18.03,23.75,0.086,1.404,1.242,12.62,4.17,-1.289,514.2,1.517,-0.024,0.622,NA,0.275,120.3,0.146,0.097,1.135,2013-02-05
"R10","Salt River below Saguaro (Blue Point Bridge)","salt","salt blw saguaro",94.19,-0.02,165200,15030,7.45,8716,49130,3.372,0.49,0.646,13.18,0.07,1.113,1.76,11.2,3.748,-1.282,501.1,1.595,-0.003,0.002,NA,1.134,210.8,0.09,0.109,1.167,2013-02-05
"R25","verde river at beeline highway","verde","verde @ beeline",27.81,-0.021,44340,28630,9.672,4218,46190,4.27,0.882,0.818,14.6,0.12,1.565,1.808,9.111,12.51,0.303,694.1,2.6,-0.012,0.021,NA,0.424,110.1,0.057,0.072,2.041,2013-02-05
"R2A","Lake Pleasant integrated sample","cap","pleasant-epi",34.01,-0.023,78830,25090,7.278,6572,64810,2.491,0.302,1.246,13.87,0.099,1.718,1.005,7.619,3.258,1.157,1006,4.041,-0.003,0.014,NA,0.776,158.2,2.307,0.031,3.447,2013-02-05
"R3","central arizona project","cap","central arizona project",34.83,-0.016,79960,22620,5.576,6203,66460,2.193,0.645,0.362,12.84,0.107,1.779,1.028,35.71,2.199,1.09,950.4,3.629,0.001,0.01,NA,0.631,276.1,0.058,0.028,3.199,2013-02-05
"Roos1A","theodore roosevelt lake, upper","srp","Roosevelt, eppi, upper",109.3,-0.01,197200,16040,71.87,9965,46240,4.461,0.219,12.93,75.82,0.185,1.742,2.009,6.887,3.472,-1.999,484.4,1.331,-0.025,0.024,NA,0.234,125.8,0.069,0.157,1.202,2013-02-05
"Roos1B","theodore roosevelt lake, upper","srp","Roosevelt, hypo, upper",114.3,-0.008,207000,16460,130.5,10480,48020,4.763,0.549,13.35,104,0.21,1.473,2.414,46.33,3.509,-2.215,503.1,1.363,-0.023,0.056,NA,0.256,296.6,0.059,0.353,1.242,2013-02-05
"Roos2A","theodore roosevelt lake, lower","srp","Roosevelt, eppi, lower",86.83,-0.009,158200,13600,90.38,7954,42040,3.988,0.256,10.46,76.8,0.173,1.291,1.712,10.55,3.291,-1.47,419.4,1.135,-0.026,0.019,NA,0.23,145.9,0.054,0.177,1.094,2013-02-05
"Roos2B","theodore roosevelt lake, lower","srp","Roosevelt, hypo, lower",126,-0.015,222500,17530,55.76,10890,50370,5.043,0.589,20.1,62.34,0.155,1.396,1.392,13.74,3.629,-2.522,558.5,1.353,-0.025,0.036,NA,0.249,196.5,0.056,0.163,1.268,2013-02-05
"APA1A","Theodore Roosevelt Dam","srp","Apache, eppi, upper",115.5,0.006,158900,17030,4.495,6422,40600,2.564,0.009,2.523,8.867,0.065,0.96,1.509,5.067,4.081,3.647,547.2,1.525,-0.043,0.113,NA,0.095,89.39,0.623,-0.052,1.16,2013-05-08
"APA1B","Theodore Roosevelt Dam","srp","Apache, hypo, upper",111.8,0.031,157600,16630,27.1,6242,42160,2.434,0.067,7.849,47.03,0.09,1.005,0.714,5.494,4.153,4.082,545,1.428,-0.04,0.031,NA,0.097,89.27,0.458,-0.029,1.108,2013-05-08
"APA2A","apache lake","srp","Apache, eppi, lower",111.8,0.069,157200,16750,-0.258,6351,40420,2.396,0.006,1.743,4.222,0.053,0.898,0.789,7.319,4.416,8.42,541.4,1.426,-0.04,0.021,NA,0.074,88.11,0.34,-0.084,1.128,2013-05-08
"APA2B","apache lake","srp","Apache, hypo, lower",108.2,0.304,155300,16390,4.461,6237,40550,2.267,0.257,2.853,10.16,0.076,0.993,0.917,6.353,6.686,60.04,536.7,1.398,-0.031,0.108,NA,0.091,87.9,0.258,-0.059,1.086,2013-05-08
"Can1A","Canyon Lake, upper","srp","Canyon, eppi, upper",104,0.037,162800,15870,10.1,5741,37120,2.266,0.222,6.232,25.98,0.049,0.964,59.05,8.089,3.965,2.371,497.7,1.986,-0.029,0.196,NA,0.128,72.71,3.431,0.108,1.079,2013-05-08
"Can1B","Canyon Lake, upper","srp","Canyon, hypo, upper",99.82,0.078,159500,15850,13.98,5874,37890,2.435,0.046,9.894,21.54,0.114,1.037,84.52,7.709,3.953,3.448,500.4,1.69,-0.03,0.23,NA,0.159,74.26,1.817,0.156,1.077,2013-05-08
"Can2A","Canyon Lake, lower","srp","Canyon, eppi, lower",100.8,0.079,159900,15320,10.57,5755,37730,2.364,0.032,18.62,25.93,0.11,0.992,1.123,4.736,4.007,4.286,488.9,1.472,-0.039,0.169,NA,0.133,74.21,1.212,0.013,1.058,2013-05-08
"Can2B","Canyon Lake, lower","srp","Canyon, hypo, lower",100,0.015,158900,15380,9.925,5772,38000,2.256,-0.007,17.92,18.88,0.052,0.889,0.939,4.661,4.148,7.729,488.7,1.356,-0.04,0.037,NA,0.069,74.47,0.853,-0.055,1.038,2013-05-08
"R10","Salt River below Saguaro (Blue Point Bridge)","salt","salt blw saguaro",95.74,-0.016,150500,15490,15.25,5897,39080,2.053,-0.02,44.94,33.43,0.059,0.838,0.629,1.809,4.104,6.213,506.3,1.248,-0.044,-0.02,NA,0.034,75.65,-0.027,-0.05,0.9746,2013-05-08
"R25","verde river at beeline highway","verde","verde @ beeline",22.21,0.045,34970,29070,171.1,3216,31050,8.879,0.258,35.91,176.6,0.2,1.396,1.897,3.068,15.32,6.318,697.4,2.1,-0.041,-0.004,NA,0.071,45.89,-0.045,0.163,1.488,2013-05-08
"R2A","Lake Pleasant integrated sample","cap","pleasant-epi",36.36,0.145,88970,28500,30.57,5258,53780,3.868,0.091,4.247,42.96,0.091,1.464,1.171,2.16,3.673,16.08,1120,4.065,-0.039,0.02,NA,0.531,113.6,0.017,-0.037,3.542,2013-05-08
"R3","central arizona project","cap","central arizona project",32.97,-0.022,81090,25870,5.359,4772,54570,3.176,-0.015,0.979,6.298,0.084,1.477,1.321,4.43,2.519,6.066,1058,3.548,-0.044,-0.02,NA,0.16,105.1,0.002,-0.083,3.092,2013-05-08
"Roos1A","theodore roosevelt lake, upper","srp","Roosevelt, eppi, upper",102,0.127,154900,14930,72.94,5818,35720,4.778,0.937,6.526,75.02,0.137,1.098,1.578,8.578,12.09,178.6,479.3,0.918,-0.036,0.085,NA,0.061,72.75,0.177,-0.02,0.953,2013-05-08
"Roos1B","theodore roosevelt lake, upper","srp","Roosevelt, hypo, upper",119.1,0.066,153900,17620,95.62,7099,41090,3.302,0.237,12.98,90.19,0.119,1.305,2.143,7.94,3.943,24.93,574.8,1.201,-0.038,0.193,NA,0.09,94.37,0.117,-0.004,1.169,2013-05-08
"Roos2A","theodore roosevelt lake, lower","srp","Roosevelt, eppi, lower",105.2,0.094,153900,16310,38.82,6146,38830,4.102,0.087,2.781,25.03,0.102,1.012,1.205,7.276,4.261,21.54,520.9,1.107,-0.04,0.027,NA,0.077,86.92,0.07,-0.07,1.114,2013-05-08
"Roos2B","theodore roosevelt lake, lower","srp","Roosevelt, hypo, lower",124.2,-0.017,153000,18520,60.69,7258,42010,3.318,0.919,6.188,55.39,0.081,1.165,8.039,4.169,11.61,178.4,607.8,1.258,-0.043,0.087,NA,0.082,100.9,0.026,-0.049,1.246,2013-05-08
"APA1A","Theodore Roosevelt Dam","srp","Apache, eppi, upper",122.6,0.005,179100,16830,9.047,6799,26940,2.251,0.604,3.622,17.19,0.091,1.067,2.385,7.132,4.837,1.48,498,1.7,-0.018,0.268,NA,0.351,81.97,0.118,0.028,1.364,2013-08-07
"APA1B","Theodore Roosevelt Dam","srp","Apache, hypo, upper",126.5,0.004,178300,17320,12.05,7027,34910,1.782,0.74,10.2,18.04,0.106,1.344,3.413,8.096,3.88,1.372,553.6,1.596,-0.019,0.581,NA,0.346,98.2,0.094,0.045,1.372,2013-08-07
"APA2A","apache lake","srp","Apache, eppi, lower",122.2,0.001,179100,17020,3.485,6850,28050,2.228,0.575,1.584,5.888,0.076,1.055,2.724,5.244,5.755,2.253,503.6,1.679,-0.019,0.223,NA,0.347,82.41,0.101,0.022,1.354,2013-08-07
"APA2B","apache lake","srp","Apache, hypo, lower",126.6,0.002,178600,17560,2.468,6986,35970,2.051,0.666,3.988,4.451,0.093,1.34,2.472,8.313,3.471,2.383,563.3,1.58,-0.019,0.113,NA,0.338,97.99,0.075,0.013,1.383,2013-08-07
"Can1A","Canyon Lake, upper","srp","Canyon, eppi, upper",117.3,0.013,177500,15340,7.313,6070,32540,1.563,0.527,8.74,34.74,0.102,1.298,3.831,5.52,4.626,2.246,518.5,2.091,-0.013,0.527,NA,0.344,93.02,0.337,0.042,1.338,2013-08-07
"Can1B","Canyon Lake, upper","srp","Canyon, hypo, upper",120.1,0.007,177300,16070,7.439,6385,34170,1.639,0.756,47.84,18.96,0.106,1.387,4.102,5.657,4.223,1.872,537.1,1.76,-0.018,0.295,NA,0.347,93.67,0.208,0.039,1.35,2013-08-07
"Can2A","Canyon Lake, lower","srp","Canyon, eppi, lower",114.4,0.008,174000,15750,8.816,6253,33420,1.625,0.738,8.315,8.738,0.093,1.178,2.4,4.015,4.639,2.424,515.1,1.656,-0.013,0.113,NA,0.32,89.65,0.156,0.033,1.256,2013-08-07
"Can2B","Canyon Lake, lower","srp","Canyon, hypo, lower",122.7,0.006,177800,16750,6.948,6756,34650,1.635,0.67,42.05,24.35,0.104,1.25,2.707,2.421,4.865,2.257,544.2,1.636,-0.008,0.138,NA,0.317,94.77,0.128,0.03,1.341,2013-08-07
"R10","Salt River below Saguaro (Blue Point Bridge)","salt","salt blw saguaro",113.1,0,177200,16180,1.188,6317,33470,1.393,0.567,24.87,3.705,0.086,1.042,0.842,1.284,4.503,1.571,505,1.549,-0.02,0.004,NA,1.535,96.18,0.035,0.149,1.109,2013-08-07
"R25","verde river at beeline highway","verde","verde @ beeline",21.36,0.002,31760,25750,28.19,2780,27850,5.242,0.826,21.09,39.32,0.191,1.359,1.004,4.384,11.98,2.017,575.5,2.328,-0.02,0.006,NA,0.402,50.33,0.023,0.172,1.464,2013-08-07
"R2A","Lake Pleasant integrated sample","cap","pleasant-epi",39.25,0.001,89560,28110,9.061,5296,47780,2.732,0.503,2.895,2.968,0.121,1.929,3.304,47.22,3.141,2.424,1050,4.482,-0.019,0.017,NA,0.724,114.7,1.452,0.044,3.837,2013-08-07
"R3","central arizona project","cap","central arizona project",38.35,-0.002,88630,27900,7.149,5319,48820,2.715,0.442,3.342,4.258,0.122,1.926,1.915,4.392,2.997,3.031,1052,4.455,-0.02,0.027,NA,1.564,112.3,0.023,0.039,3.754,2013-08-07
"Roos1A","theodore roosevelt lake, upper","srp","Roosevelt, eppi, upper",133.9,0.002,180400,17330,17.05,7321,31890,5.43,0.638,6.422,23.59,0.119,1.218,2.212,5.156,5.053,1.501,535.1,1.316,-0.019,0.4,NA,0.345,91.53,0.051,0.052,1.213,2013-08-07
"Roos1B","theodore roosevelt lake, upper","srp","Roosevelt, hypo, upper",134.7,0.003,181100,17460,20.71,7415,32010,4.288,0.145,8.506,27.35,0.124,1.227,2.938,5.327,5.328,2.083,535.8,1.254,-0.019,0.184,NA,0.348,87.06,0.049,0.065,1.205,2013-08-07
"Roos2A","theodore roosevelt lake, lower","srp","Roosevelt, eppi, lower",123,0,181700,17040,8.83,6827,31420,3.979,0.552,5.69,17.09,0.108,1.167,2.314,6.318,4.787,2.579,516,1.303,-0.019,0.141,NA,0.341,86.68,0.038,0.035,1.261,2013-08-07
"Roos2B","theodore roosevelt lake, lower","srp","Roosevelt, hypo, lower",124.7,0,182300,17590,24.07,6939,36350,2.168,0.644,21.83,38.75,0.144,1.531,3.309,6.483,3.019,1.693,555.1,1.378,-0.018,0.351,NA,0.333,98.71,0.036,0.064,1.3,2013-08-07
"APA1A","Theodore Roosevelt Dam","srp","Apache, eppi, upper",142.6,-0.027,201500,16970,10.73,6604,38390,2.514,3.763,25.2,33.78,0.092,1.005,1.577,5.946,4.543,1.709,565.6,1.659,-0.024,0.125,0,0.151,97.5,0.116,0.038,1.293,2013-11-06
"APA1B","Theodore Roosevelt Dam","srp","Apache, hypo, upper",144,-0.022,202400,17030,16.47,6690,38720,2.539,4.483,30.09,42.48,0.104,1.578,3.345,8.674,4.761,2.503,565.2,1.662,-0.022,0.498,0,0.162,98.54,0.099,0.068,1.299,2013-11-06
"APA2A","apache lake","srp","Apache, eppi, lower",143.6,-0.023,202400,17020,7.612,6563,38280,2.446,3.698,45.02,19.61,0.087,0.965,2.048,8.247,4.769,2.011,563.9,1.594,-0.022,0.127,-0.002,0.145,97.45,0.074,0.011,1.27,2013-11-06
"APA2B","apache lake","srp","Apache, hypo, lower",143.6,-0.023,202700,16990,5.979,6515,38370,2.403,3.601,46.58,23.11,0.084,0.933,1.05,7.392,4.816,2.497,563.9,1.557,-0.023,0.025,-0.003,0.138,97.49,0.065,0,1.304,2013-11-06
"Can1A","Canyon Lake, upper","srp","Canyon, eppi, upper",141.9,-0.013,198400,16680,17.4,6480,38230,2.587,3.528,45.55,47.73,0.101,0.97,2.965,9.016,4.751,2.337,552.9,1.742,-0.024,0.074,0.006,0.168,94.25,0.312,0.113,1.26,2013-11-06
"Can1B","Canyon Lake, upper","srp","Canyon, hypo, upper",139.7,-0.014,196900,16710,25.27,6714,38360,2.594,3.782,33.46,57.33,0.109,1.193,7.63,20.57,4.69,2.524,552.9,1.733,-0.019,0.807,0.005,0.182,92.96,0.237,0.205,1.236,2013-11-06
"Can2A","Canyon Lake, lower","srp","Canyon, eppi, lower",140,-0.017,196600,16610,10.75,6526,37920,2.602,3.735,35.67,28.49,0.091,0.907,1.616,5.857,4.976,2.876,554.6,1.693,-0.023,0.045,0.002,0.148,92.79,0.185,0.07,1.252,2013-11-06
"Can2B","Canyon Lake, lower","srp","Canyon, hypo, lower",139.6,-0.022,197400,16680,9.59,6545,38110,2.539,3.704,34.22,32.03,0.09,1.001,2.77,9.199,4.84,2.332,552.9,1.628,-0.024,0.094,0.001,0.152,92.74,0.154,0.08,1.237,2013-11-06
"R10","Salt River below Saguaro (Blue Point Bridge)","salt","salt blw saguaro",NA,NA,NA,NA,NA,NA,NA,NA,NA,NA,NA,NA,NA,NA,NA,NA,NA,NA,NA,NA,NA,NA,NA,NA,NA,NA,NA,2013-11-06
"R25","verde river at beeline highway","verde","verde @ beeline",23.79,0.012,29280,25040,50.35,3000,30510,6.559,5.053,66.42,101,0.23,1.38,1.265,0.659,18.35,1.269,631.5,2.44,-0.026,0.015,0.009,0.158,49.37,0.69,0.298,1.273,2013-11-06
"R2A","Lake Pleasant integrated sample","cap","pleasant-epi",42.48,-0.014,84760,25990,6.315,4908,51420,3.728,3.174,1.728,4.314,0.12,1.611,7.987,1.7,3.595,2.597,1049,4.816,-0.024,0.036,0.009,0.405,121.1,0.461,-0.005,3.759,2013-11-06
"R3","central arizona project","cap","central arizona project",39.55,0.001,77150,23680,19.85,4297,52340,3.264,3.108,2.988,17.18,0.168,1.472,1.193,-0.14,2.643,2.328,980.1,4.495,-0.026,0.015,0.03,0.305,114.4,1.478,0.095,3.488,2013-11-06
"Roos1A","theodore roosevelt lake, upper","srp","Roosevelt, eppi, upper",146,-0.012,206000,16420,53.4,6645,37250,5.825,3.473,19.27,131.9,0.164,1.123,2.807,6.742,5.488,2.387,542.2,1.31,-0.024,0.055,-0.002,0.167,97.5,0.073,0.182,1.255,2013-11-06
"Roos1B","theodore roosevelt lake, upper","srp","Roosevelt, hypo, upper",147.2,-0.009,207400,16460,56.42,6694,37280,5.865,3.456,18.96,120.2,0.165,1.123,2.376,4.673,5.369,2.366,541.1,1.302,-0.022,0.085,-0.002,0.163,97.55,0.063,0.191,1.265,2013-11-06
"Roos2A","theodore roosevelt lake, lower","srp","Roosevelt, eppi, lower",142.3,-0.019,202500,16350,22.55,6473,36670,4.933,3.431,15.17,51.55,0.116,1.027,1.929,8.299,5.403,2.576,534.9,1.378,-0.022,0.09,-0.002,0.174,97.66,0.057,0.061,1.27,2013-11-06
"Roos2B","theodore roosevelt lake, lower","srp","Roosevelt, hypo, lower",142.5,-0.019,203100,16460,30.49,6476,36660,4.896,3.433,22.61,62.72,0.125,1.045,2.327,10.04,5.77,2.323,536,1.409,-0.018,0.078,-0.003,0.179,98.31,0.051,0.082,1.288,2013-11-06
"APA1A","Theodore Roosevelt Dam","srp","Apache, eppi, upper",130.7,-0.013,177100,15950,-0.891,6386,36390,2.939,4.347,0.094,-0.751,0.081,1.033,2.275,0.145,3.682,2.234,552.3,1.776,0.061,0.01,-0.009,0.136,90.66,NA,0.008,1.306,2014-02-03
"APA1B","Theodore Roosevelt Dam","srp","Apache, hypo, upper",133.2,-0.013,180100,16150,0.111,6421,36550,2.877,4.269,0.131,-0.546,0.08,1.042,1.393,-0.069,3.901,2.049,551.7,1.746,0.058,0.007,-0.009,0.139,90.57,NA,0.011,1.327,2014-02-03
"APA2A","apache lake","srp","Apache, eppi, lower",134.5,-0.017,181600,16200,-0.595,6461,36520,2.912,4.264,0.08,-0.673,0.077,1.071,0.816,0.043,4.148,2.493,558.3,1.752,0.062,0.007,-0.009,0.136,91.3,NA,0.009,1.358,2014-02-03
"APA2B","apache lake","srp","Apache, hypo, lower",135.6,-0.014,183200,16280,0.533,6490,36730,2.873,4.275,0.172,-0.497,0.078,1.057,1.491,-0.02,3.766,1.783,556.7,1.752,0.061,0.012,-0.01,0.14,91.22,NA,0.01,1.384,2014-02-03
"Can1A","Canyon Lake, upper","srp","Canyon, eppi, upper",132.5,0.004,178600,15860,-1.409,6317,35280,3.113,4.557,0.094,-0.834,0.099,1.012,1.057,0.523,3.677,1.46,537,2.332,0.086,0.019,-0.004,0.158,82.62,NA,0.024,1.281,2014-02-03
"Can1B","Canyon Lake, upper","srp","Canyon, hypo, upper",127.9,0.003,172300,15540,-0.783,6454,35400,3.039,4.51,0.148,-0.776,0.093,1.073,1.396,2.578,3.928,1.27,535,2.024,0.074,0.115,-0.004,0.152,81.65,NA,0.029,1.26,2014-02-03
"Can2A","Canyon Lake, lower","srp","Canyon, eppi, lower",126.9,-0.007,171700,15530,-1.416,6339,35490,3.001,4.403,0.109,-0.827,0.086,1.012,1.006,0.017,3.924,1.917,537.4,1.869,0.066,0.005,-0.008,0.135,81.62,NA,0.011,1.287,2014-02-03
"Can2B","Canyon Lake, lower","srp","Canyon, hypo, lower",128.2,-0.01,173000,15660,-1.371,6376,35380,2.986,4.368,0.102,-0.802,0.084,1,1.049,-0.071,4.207,1.699,539,1.845,0.059,0.003,-0.009,0.133,81.92,NA,0.009,1.298,2014-02-03
"Hav","lake havasu state park",NA,"Havasu",35.75,-0.014,68060,21410,25.44,3840,47180,1.72,0.722,3.644,34.6,0.119,1.201,2.561,8.715,1.989,2.685,891.1,3.397,-0.029,0.003,-0.011,0.186,105.1,0.036,0.19,3.279,2014-02-03
"R10","Salt River below Saguaro (Blue Point Bridge)","salt","salt blw saguaro",NA,NA,NA,NA,NA,NA,NA,NA,NA,NA,NA,NA,NA,NA,NA,NA,NA,NA,NA,NA,NA,NA,NA,NA,NA,NA,NA,2014-02-03
"R25","verde river at beeline highway","verde","verde @ beeline",25.28,-0.012,31040,26750,0.99,3114,26460,7.561,5.566,0.308,1.44,0.079,1.112,0.782,-0.765,14.93,2.561,663,2.779,0.059,0,-0.01,0.14,40.44,NA,0.012,1.891,2014-02-03
"R2A","Lake Pleasant integrated sample","cap","pleasant-epi",41.12,-0.017,74410,23590,28.04,4374,46460,2.091,0.589,4.566,37.53,0.117,1.218,1.541,2.296,2.495,2.464,937.1,3.868,-0.029,0.001,-0.011,0.241,105.2,0.27,0.09,3.495,2014-02-03
"R3","central arizona project","cap","central arizona project",36.65,-0.012,72050,22790,-0.25,4288,50210,3.189,3.702,0.027,-0.246,0.116,1.562,1.003,-0.277,2.441,2.458,1000,3.896,0.063,0.004,-0.01,0.233,108.5,NA,0.011,3.722,2014-02-03
"Roos1A","theodore roosevelt lake, upper","srp","Roosevelt, eppi, upper",139.8,-0.014,189300,16150,3.372,6620,36590,4.69,4.225,0.289,1.764,0.097,1.103,1.994,0.705,4.436,1.515,559.4,1.372,0.057,0.005,-0.009,0.145,92.19,NA,0.01,1.349,2014-02-03
"Roos1B","theodore roosevelt lake, upper","srp","Roosevelt, hypo, upper",142.5,-0.017,191500,16250,7.431,6644,37020,4.721,4.24,0.223,4.173,0.095,1.1,0.878,-0.052,4.619,1.484,563.7,1.393,0.057,0.002,-0.01,0.141,93.61,NA,0.01,1.371,2014-02-03
"Roos2A","theodore roosevelt lake, lower","srp","Roosevelt, eppi, lower",138.1,-0.014,187800,16000,0.66,6540,35840,4.475,4.325,0.193,0.186,0.09,1.124,0.934,1.294,4.411,2.633,551.7,1.394,0.057,0.014,-0.01,0.15,93.64,NA,0.009,1.38,2014-02-03
"Roos2B","theodore roosevelt lake, lower","srp","Roosevelt, hypo, lower",138.2,-0.011,187900,15980,1.116,6557,36500,4.513,4.217,0.203,0.068,0.091,1.173,1.1,0.717,4.465,1.76,552.7,1.392,0.059,0.02,-0.009,0.147,93.78,NA,0.011,1.375,2014-02-03
"APA1A","Theodore Roosevelt Dam","srp","Apache, eppi, upper",146.3,-0.013,145300,16010,8.373,6205,35280,2.537,3.039,4.396,37.41,0.086,0.836,1.394,4.736,4.069,1.571,514.4,1.689,-0.024,0.061,-0.008,0.129,87.82,0.077,0.039,1.292,2014-05-05
"APA1B","Theodore Roosevelt Dam","srp","Apache, hypo, upper",143.4,-0.015,144800,15820,11.57,6142,35340,2.49,2.94,5.465,25.33,0.083,0.812,1.203,1.485,4.001,1.813,510.8,1.594,-0.028,0.034,-0.009,0.123,87.72,0.066,0.042,1.254,2014-05-05
"APA2A","apache lake","srp","Apache, eppi, lower",141.2,-0.016,145100,15960,6.258,6147,35410,2.418,2.931,3.861,25.64,0.086,0.778,1.435,2.457,4.17,1.832,513.8,1.628,-0.029,0.052,-0.009,0.12,87.31,0.057,0.051,1.276,2014-05-05
"APA2B","apache lake","srp","Apache, hypo, lower",138.7,-0.017,145100,15840,8.085,6135,36390,2.205,2.547,4.981,25.02,0.076,0.79,1.537,2.428,3.81,2.623,505.4,1.537,-0.031,0.165,-0.01,0.119,85.26,0.049,0.025,1.235,2014-05-05
"Can1A","Canyon Lake, upper","srp","Canyon, eppi, upper",145.6,-0.008,144200,15490,4.383,6132,33950,2.498,3.367,6.491,23.13,0.09,0.847,2.823,5.302,4.195,1.491,493.4,2.047,-0.02,0.033,-0.001,0.144,80.04,0.267,0.059,1.266,2014-05-05
"Can1B","Canyon Lake, upper","srp","Canyon, hypo, upper",139.6,-0.009,136900,15340,4.499,6290,34420,2.549,3.408,11.35,14.62,0.083,0.932,2.247,6.387,4.224,1.361,491.9,1.806,-0.025,0.045,-0.006,0.134,77.79,0.149,0.062,1.204,2014-05-05
"Can2A","Canyon Lake, lower","srp","Canyon, eppi, lower",140.6,-0.011,142100,15480,4.201,6102,34340,2.52,3.116,12.7,20.23,0.077,0.795,2.628,4.136,4.351,1.428,495,1.682,-0.028,0.251,-0.007,0.125,78.73,0.111,0.093,1.235,2014-05-05
"Can2B","Canyon Lake, lower","srp","Canyon, hypo, lower",140.1,-0.011,145200,15520,6.159,6131,34960,2.491,3.109,14.99,19.01,0.08,0.825,1.983,4.123,4.029,2.385,494.1,1.613,-0.026,2.597,-0.008,0.126,79.03,0.09,0.09,1.247,2014-05-05
"Hav","lake havasu state park",NA,"Havasu",34.01,-0.014,66090,20720,2.882,3823,47050,2.65,2.613,1.889,6.477,0.089,1.252,2.068,2.205,2.316,2.51,889.1,3.387,-0.031,-0.008,-0.012,0.17,100.6,0.083,0.029,2.777,2014-05-05
"R10","Salt River below Saguaro (Blue Point Bridge)","salt","salt blw saguaro",128.8,-0.015,148400,15300,2.196,5931,35310,2.047,2.903,65,23.49,0.073,0.691,1.118,0.764,4.381,2.79,497.5,1.396,-0.034,0.001,-0.011,0.097,80.87,0.025,0.027,1.137,2014-05-05
"R25","verde river at beeline highway","verde","verde @ beeline",25.37,0.017,32030,26800,135.5,2962,39330,4.748,4.15,73.67,212.8,0.395,1.41,1.307,1.747,13.77,1.416,665.3,2.479,-0.032,0.011,-0.011,0.109,51.04,0.022,1,1.807,2014-05-05
"R2A","Lake Pleasant integrated sample","cap","pleasant-epi",36.38,-0.013,70340,22760,-0.658,4259,45280,3.107,2.55,1.762,1.818,0.074,1.14,0.881,0.483,2.953,2.681,929.8,3.841,-0.032,-0.011,-0.013,0.229,98.17,0.257,-0.023,3.063,2014-05-05
"R3","central arizona project","cap","central arizona project",36.27,-0.015,70300,21810,12.99,4010,49210,2.316,2.616,4.019,24.47,0.125,1.17,1.442,4.792,2.484,3.036,911.9,3.387,-0.032,0.016,-0.011,0.186,104.8,0.027,0.111,3.206,2014-05-05
"Roos1A","theodore roosevelt lake, upper","srp","Roosevelt, eppi, upper",155.6,-0.009,144600,16510,36.14,6633,37570,3.721,2.614,8.953,102.1,0.157,0.935,1.4,2.515,4.601,1.958,549.9,1.193,-0.029,0.049,-0.01,0.112,89.73,0.039,0.15,1.246,2014-05-05
"Roos1B","theodore roosevelt lake, upper","srp","Roosevelt, hypo, upper",156.1,0.062,144900,17000,264,6775,44500,4.821,2.476,79.96,804.3,0.694,1.501,4.151,3.533,5.834,2.911,568.5,1.16,-0.029,0.088,-0.009,0.124,104.5,0.033,1.514,1.299,2014-05-05
"Roos2A","theodore roosevelt lake, lower","srp","Roosevelt, eppi, lower",141.9,-0.018,145200,15970,6.727,6266,36490,3.404,2.726,2.012,28.82,0.09,0.837,1.874,4.284,4.655,1.535,525.9,1.238,-0.031,0.068,-0.01,0.123,90.23,0.033,0.015,1.242,2014-05-05
"Roos2B","theodore roosevelt lake, lower","srp","Roosevelt, hypo, lower",139.4,-0.019,145300,15750,12.03,6196,35780,3.045,2.676,4.989,34.85,0.095,0.868,1.346,3.846,3.665,1.298,520.1,1.233,-0.03,0.071,-0.011,0.122,91.69,0.026,0.064,1.198,2014-05-05
"APA1A","Theodore Roosevelt Dam","srp","Apache, eppi, upper",131.4,-0.018,103500,15450,5.993,5960,32840,2.294,2.665,3.143,14.82,0.062,0.817,1.201,3.401,4.45,1.851,498,1.424,-0.031,0.196,-0.015,0.102,82.17,0.047,0.002,1.138,2014-08-05
"APA1B","Theodore Roosevelt Dam","srp","Apache, hypo, upper",131,-0.016,104300,15250,10.29,5976,35050,2.279,3.002,17.14,29.16,0.062,0.948,2.414,4.286,4.292,1.894,512.8,1.347,-0.026,0.529,-0.015,0.105,86.78,0.04,0.061,1.144,2014-08-05
"APA2A","apache lake","srp","Apache, eppi, lower",137.7,-0.021,105700,15460,1.742,5993,32410,2.237,2.66,2.662,4.057,0.051,0.743,1.213,1.87,4.41,1.737,496.5,1.431,-0.031,0.075,-0.015,0.102,82.24,0.039,-0.005,1.167,2014-08-05
"APA2B","apache lake","srp","Apache, hypo, lower",135.1,-0.02,106900,15250,0.23,5950,34750,2.209,2.932,12.3,9.39,0.055,0.787,1.814,3.423,4.058,2.19,507.7,1.356,-0.031,0.154,-0.015,0.101,85.12,0.033,0.031,1.172,2014-08-05
"Can1A","Canyon Lake, upper","srp","Canyon, eppi, upper",131.1,-0.017,99600,15180,4.511,5930,34010,2.011,2.226,8.24,7.436,0.052,0.763,0.96,10.33,4.299,1.094,499.9,1.483,-0.03,0.219,-0.013,0.1,79.44,0.094,-0.009,1.049,2014-08-05
"Can1B","Canyon Lake, upper","srp","Canyon, hypo, upper",132.8,-0.017,98960,15050,0.771,5966,33560,2.18,2.831,14.06,10.64,0.053,0.863,1.408,4.619,4.229,1.934,499.8,1.421,-0.029,0.635,-0.013,0.095,80.69,0.071,0.008,1.068,2014-08-05
"Can2A","Canyon Lake, lower","srp","Canyon, eppi, lower",129.2,-0.017,100500,15170,0.497,5844,33410,1.975,2.18,21.78,13.05,0.048,0.691,1.055,1.006,4.015,2.499,499.5,1.367,-0.031,0.018,-0.015,0.091,81.66,0.057,-0.006,1.083,2014-08-05
"Can2B","Canyon Lake, lower","srp","Canyon, hypo, lower",132.1,-0.018,101400,15170,2.052,5908,33640,2.172,2.78,37.74,8.01,0.052,0.742,2.504,2.687,4.149,0.965,500,1.324,-0.031,0.149,-0.015,0.097,82.81,0.051,0.008,1.078,2014-08-05
"Hav","lake havasu state park",NA,"Havasu",37.13,-0.006,77700,21290,7.786,4452,51480,1.769,0.1,6.626,11.89,0.11,-4.806,16.64,1.856,2.535,3.535,973.3,4.098,-0.036,-0.005,-0.132,0.251,109.9,0.171,0.026,3.527,2014-08-05
"R10","Salt River below Saguaro (Blue Point Bridge)","salt","salt blw saguaro",131.1,-0.013,96700,15250,0.293,5893,32670,2.225,2.667,16.13,4.659,0.055,0.627,0.719,-0.76,4.393,1.763,498.2,2.016,-0.029,-0.014,-0.011,0.092,75.36,0.165,0.014,1.017,2014-08-05
"R25","verde river at beeline highway","verde","verde @ beeline",24.88,0.006,31770,24930,150.5,3117,26850,6.672,3.97,61.62,208.1,0.317,1.239,2.284,0.673,14.08,2.214,582.7,2.88,-0.03,0.011,-0.011,0.149,37.67,0.12,0.869,1.604,2014-08-05
"R2A","Lake Pleasant integrated sample","cap","pleasant-epi",39.99,-0.007,82580,23220,14.17,4785,51530,2.255,0.108,11.17,32.53,0.112,-4.729,7.708,4.435,3.412,3.947,990.1,4.733,-0.025,0.013,-0.131,0.325,102,1.179,0.016,3.918,2014-08-05
"R3","central arizona project","cap","central arizona project",37.79,-0.003,72190,23220,3.77,4375,47490,3.108,2.57,5.449,4.354,0.094,1.269,1.245,0.545,3.079,1.794,945.8,5.059,-0.027,0.008,-0.009,0.24,99.43,0.282,0.002,3.095,2014-08-05
"Roos1A","theodore roosevelt lake, upper","srp","Roosevelt, eppi, upper",180.3,-0.02,107100,17700,7.008,7314,33990,4.097,2.133,6.122,15.4,0.069,0.765,0.896,2.297,5.012,2.245,584,1.222,-0.032,0.026,-0.015,0.114,89.83,0.024,0.009,1.287,2014-08-05
"Roos1B","theodore roosevelt lake, upper","srp","Roosevelt, hypo, upper",196.8,-0.001,108400,18420,174.1,8237,37050,5.054,3.043,46.68,229.2,0.167,1.066,2.18,5.55,6.591,2.459,621.7,1.219,-0.029,0.217,-0.015,0.153,102.4,0.025,0.279,1.306,2014-08-05
"Roos2A","theodore roosevelt lake, lower","srp","Roosevelt, eppi, lower",161.4,-0.018,111000,16900,2.616,6695,32580,4.07,2.579,2.673,6.491,0.051,0.73,0.71,0.808,4.991,2.131,550.9,1.262,-0.031,0.059,-0.015,0.119,90.22,0.02,-0.017,1.326,2014-08-05
"Roos2B","theodore roosevelt lake, lower","srp","Roosevelt, hypo, lower",137.8,-0.016,112100,15300,23.4,5945,36550,2.405,3.131,105,96.19,0.129,0.899,0.729,2.603,4.546,2.138,524.8,1.171,-0.032,0.08,-0.016,0.103,93.93,0.022,0.045,1.193,2014-08-05
"APA1A","Theodore Roosevelt Dam","srp","Apache, eppi, upper",139.9,0.001,214300,15310,39.59,6553,38210,1.518,0.19,36.94,73.29,0.106,-5.152,1.092,5.659,4.768,3.529,538.7,1.955,-0.029,0.041,-0.124,0.148,87.6,0.478,0.049,1.275,2014-11-03
"APA1B","Theodore Roosevelt Dam","srp","Apache, hypo, upper",141.6,0.001,215800,15410,117.5,6604,38220,1.646,0.288,45.3,167.4,0.159,-4.907,1.354,11.26,4.668,3.519,540.3,1.84,-0.015,0.086,-0.125,0.153,89.12,0.407,0.117,1.293,2014-11-03
"APA2A","apache lake","srp","Apache, eppi, lower",140,0.002,214500,15260,22.45,6570,38000,1.576,0.424,81.96,36.27,0.105,-4.847,1.353,8.307,4.806,2.556,538.1,1.776,0.053,0.142,-0.125,0.151,88.3,0.341,0.033,1.271,2014-11-03
"APA2B","apache lake","srp","Apache, hypo, lower",140.7,-0.001,214900,15410,50.32,6599,38610,1.571,0.174,76.7,66.25,0.137,-5.051,1.243,7.607,4.804,1.457,541.4,1.73,-0.028,0.08,-0.126,0.152,87.71,0.285,0.044,1.278,2014-11-03
"Can1A","Canyon Lake, upper","srp","Canyon, eppi, upper",142.9,0.018,216600,15220,29.25,6619,37140,1.594,0.432,41.94,47.13,0.103,-5.014,2.104,5.832,4.684,2.288,525.6,3.408,-0.006,0.103,-0.11,0.174,83.88,1.702,0.14,1.285,2014-11-03
"Can1B","Canyon Lake, upper","srp","Canyon, hypo, upper",140.3,0.006,214600,15180,45.19,6631,36950,1.632,0.369,45.26,86.19,0.103,-4.937,1.673,6.558,4.913,3.697,527.4,2.57,-0.016,0.2,-0.117,0.215,83.63,1.055,0.064,1.269,2014-11-03
"Can2A","Canyon Lake, lower","srp","Canyon, eppi, lower",139.2,0,212600,15070,17.12,6605,36480,1.594,0.18,56.45,39.64,0.088,-5.236,0.953,2.643,4.677,1.693,526.2,2.225,-0.026,0.018,-0.121,0.16,83.65,0.77,0.037,1.266,2014-11-03
"Can2B","Canyon Lake, lower","srp","Canyon, hypo, lower",138.7,0.004,212700,15090,26.2,6679,36390,1.651,0.186,64.17,50.11,0.098,-5.096,1.613,8.179,4.858,2.995,524.5,2.026,-0.021,0.114,-0.122,0.165,83.5,0.594,0.075,1.248,2014-11-03
"Hav","lake havasu state park",NA,"Havasu",37.91,-0.005,80400,21830,48.66,4412,53140,2.083,0.917,8.612,81.54,0.145,-4.749,1.24,0.584,2.658,3.648,1014,4.204,-0.033,-0.003,-0.132,0.264,117,0.197,0.176,3.777,2014-11-03
"R10","Salt River below Saguaro (Blue Point Bridge)","salt","salt blw saguaro",137,0.001,214400,16540,133.9,6929,39880,1.918,0.312,131.1,158.8,0.25,-4.383,0.949,0.759,3.928,3.596,542.4,1.858,-0.033,0.032,-0.13,0.127,71.13,0.157,0.542,1.069,2014-11-03
"R25","verde river at beeline highway","verde","verde @ beeline",31.27,0.093,36920,27910,1385,3904,33260,5.911,1.515,119.4,1217,1.068,-2.445,2.622,6.413,16.66,3.938,731,2.282,-0.03,0.018,-0.129,0.15,66.1,0.148,1.688,1.875,2014-11-03
"R2A","Lake Pleasant integrated sample","cap","pleasant-epi",38,-0.003,80280,22760,3.717,4912,48870,2.447,0.823,8.962,7.556,0.098,-4.778,1.382,1.76,4.016,3.151,969,4.695,-0.024,0.05,-0.132,0.357,102.6,1.796,0.019,3.75,2014-11-03
"R3","central arizona project","cap","central arizona project",38.56,-0.002,80210,21720,78.86,4479,53180,1.887,0.179,7.533,65.95,0.154,-4.611,1.363,0.847,2.657,4.781,996.8,4.098,-0.035,0.004,-0.13,0.251,114,0.163,0.111,3.568,2014-11-03
"Roos1A","theodore roosevelt lake, upper","srp","Roosevelt, eppi, upper",165.1,0.006,241100,16540,204.7,7615,38370,4.248,0.367,19.43,189.4,0.214,-4.758,1.905,6.729,5.515,3.246,590.3,1.574,-0.028,0.127,-0.126,0.189,96.87,0.241,0.169,1.403,2014-11-03
"Roos1B","theodore roosevelt lake, upper","srp","Roosevelt, hypo, upper",165.2,0.008,240800,16600,232.2,7593,38180,4.3,0.334,21.98,214,0.23,-4.779,1.998,6.623,5.174,1.366,588,1.508,-0.027,0.051,-0.127,0.183,96.33,0.272,0.172,1.4,2014-11-03
"Roos2A","theodore roosevelt lake, lower","srp","Roosevelt, eppi, lower",162.9,-0.007,239800,16590,32.34,7419,37620,3.514,0.169,47.92,44.02,0.126,-5.19,1.032,2.878,5.482,3.861,588.8,1.592,-0.023,0.013,-0.129,0.196,97.52,0.192,0.023,1.422,2014-11-03
"Roos2B","theodore roosevelt lake, lower","srp","Roosevelt, hypo, lower",157,-0.004,235200,16240,43.57,7244,38410,3.114,0.223,344.3,81.08,0.321,-5.069,1.109,2.603,5.841,3.648,584,1.547,-0.027,0.085,-0.127,0.192,124,0.174,0.079,1.355,2014-11-03
"APA1A","Theodore Roosevelt Dam","srp","Apache, eppi, upper",139.6,-0.006,212500,15350,22.82,6509,38100,2.067,0.997,8.822,23.41,0.076,-5.263,0.739,-0.117,4.291,2.985,541.4,1.732,-0.034,-0.006,-0.133,0.153,91.52,0.088,0.024,1.365,2015-02-03
"APA1B","Theodore Roosevelt Dam","srp","Apache, hypo, upper",NA,NA,NA,NA,NA,NA,NA,NA,NA,NA,NA,NA,NA,NA,NA,NA,NA,NA,NA,NA,NA,NA,NA,NA,NA,NA,NA,2015-02-03
"APA2A","apache lake","srp","Apache, eppi, lower",140.1,-0.012,212600,15440,9.917,6497,38320,2.109,1.219,9.461,13.66,0.062,-5.281,1.408,-0.253,4.269,1.458,544.4,1.704,-0.035,-0.007,-0.133,0.151,88.07,0.075,0.009,1.382,2015-02-03
"APA2B","apache lake","srp","Apache, hypo, lower",NA,NA,NA,NA,NA,NA,NA,NA,NA,NA,NA,NA,NA,NA,NA,NA,NA,NA,NA,NA,NA,NA,NA,NA,NA,NA,NA,2015-02-03
"Can1A","Canyon Lake, upper","srp","Canyon, eppi, upper",133.5,-0.002,206100,15040,20.83,6460,35820,2.011,1.069,10.44,36.63,0.069,-5.189,1.475,2.887,4.485,1.188,522.4,1.751,-0.032,0.026,-0.131,0.157,79.9,0.186,0.052,1.331,2015-02-03
"Can1B","Canyon Lake, upper","srp","Canyon, hypo, upper",135.1,-0.01,208200,15090,16.08,6526,35990,2.105,1.211,16.91,45.82,0.071,-5.16,1.497,3.105,4.352,1.987,523,1.706,-0.032,0.037,-0.131,0.161,80.06,0.121,0.229,1.327,2015-02-03
"Can2A","Canyon Lake, lower","srp","Canyon, eppi, lower",136,-0.012,209000,15080,19.31,6498,35850,2.138,1.16,23.99,44.84,0.075,-5.22,1.539,3.13,4.878,1.884,522.2,1.713,-0.027,0.017,-0.132,0.161,79.88,0.1,0.068,1.326,2015-02-03
"Can2B","Canyon Lake, lower","srp","Canyon, hypo, lower",137.3,-0.007,209200,15140,38.27,6607,36490,2.25,1.407,36.17,77.4,0.086,-5.133,2.956,3.305,4.598,2.598,525.8,1.716,-0.029,0.067,-0.133,0.164,80.88,0.098,0.115,1.345,2015-02-03
"Hav","lake havasu state park",NA,"Havasu",36.32,0.003,72680,20770,18.91,4419,48690,2.093,0.501,3.217,24.3,0.134,1.228,0.94,0.675,2.319,2.919,1021,3.837,-0.041,0.008,-0.005,0.216,111.9,0.068,0.052,2.874,2015-02-03
"R10","Salt River below Saguaro (Blue Point Bridge)","salt","salt blw saguaro",128.6,-0.007,201800,16140,34.11,6298,40700,1.376,1.174,27.43,43.3,0.118,-4.853,1.957,3.778,2.661,1.155,542.2,1.795,-0.03,0.036,-0.133,0.124,69.67,0.066,0.266,1.234,2015-02-03
"R25","verde river at beeline highway","verde","verde @ beeline",28.98,0.061,36360,28130,656.2,3265,33380,6.037,2.678,114,676.2,0.93,-3.099,2.377,3.956,15.72,2.469,725,2.797,-0.031,0.02,-0.132,0.181,56.61,0.067,1.675,2.189,2015-02-03
"R2A","Lake Pleasant integrated sample","cap","pleasant-epi",34.95,0.001,70820,21190,6.304,4700,45560,2.373,0.508,5.063,8.988,0.114,1.142,1.055,1.873,2.982,2.941,962.3,4.027,-0.041,0.011,-0.006,0.259,101.4,0.212,0.024,2.595,2015-02-03
"R3","central arizona project","cap","central arizona project",38.38,0.001,80860,21980,97.05,4436,55940,2.233,0.959,9.832,98.17,0.19,-4.562,2.581,0.715,2.632,2.655,1034,4.284,-0.035,-0.001,-0.133,0.27,117.4,0.061,0.258,3.909,2015-02-03
"Roos1A","theodore roosevelt lake, upper","srp","Roosevelt, eppi, upper",161.2,-0.003,237000,16540,56.41,7300,39680,3.503,0.955,10.85,57.16,0.135,-5.092,0.924,0.085,4.791,2.692,596.3,1.43,-0.034,-0.005,-0.133,0.172,95.6,0.066,0.063,1.443,2015-02-03
"Roos1B","theodore roosevelt lake, upper","srp","Roosevelt, hypo, upper",NA,NA,NA,NA,NA,NA,NA,NA,NA,NA,NA,NA,NA,NA,NA,NA,NA,NA,NA,NA,NA,NA,NA,NA,NA,NA,NA,2015-02-03
"Roos2A","theodore roosevelt lake, lower","srp","Roosevelt, eppi, lower",153.3,0.008,229900,16010,140,7001,38690,3.555,1.133,38.44,180.7,0.225,-4.985,1.028,0.493,5.221,2.763,577,1.384,-0.03,-0.004,-0.133,0.175,97.51,0.067,0.222,1.419,2015-02-03
"Roos2B","theodore roosevelt lake, lower","srp","Roosevelt, hypo, lower",NA,NA,NA,NA,NA,NA,NA,NA,NA,NA,NA,NA,NA,NA,NA,NA,NA,NA,NA,NA,NA,NA,NA,NA,NA,NA,NA,2015-02-03
"APA1A","Theodore Roosevelt Dam","srp","Apache, eppi, upper",144.7,0.001,101600,14850,6.934,6671,33000,1.703,0.523,2.494,15.49,0.081,0.699,1.302,3.05,4.063,2.082,531.4,1.645,-0.039,0.081,-0.007,0.15,85.7,0.036,0.016,1.061,2015-05-05
"APA1B","Theodore Roosevelt Dam","srp","Apache, hypo, upper",143.6,0.001,104800,14840,16.83,6648,34720,1.679,0.611,7.298,38.43,0.092,0.81,1.927,3.328,3.731,1.263,537.4,1.544,-0.038,0.157,-0.007,0.125,87.7,0.031,0.025,1.062,2015-05-05
"APA2A","apache lake","srp","Apache, eppi, lower",144.9,-0.002,107600,15010,1.802,6672,34010,1.614,0.451,1.691,6.38,0.079,0.703,1.395,1.606,4.019,1.63,535.6,1.585,-0.042,0.047,-0.008,0.132,86.46,0.03,0.014,1.091,2015-05-05
"APA2B","apache lake","srp","Apache, hypo, lower",144.2,0.001,109900,14920,4.499,6595,35070,1.578,0.561,2.243,10.55,0.078,0.719,1.485,1.726,3.875,1.293,536.8,1.51,-0.042,0.063,-0.007,0.126,86.68,0.026,0.01,1.092,2015-05-05
"Can1A","Canyon Lake, upper","srp","Canyon, eppi, upper",130.5,-0.001,92560,14280,24.15,6491,31660,1.516,0.619,4.297,17.8,0.075,0.68,1.159,2.702,4.459,1.423,511,1.619,-0.041,0.035,-0.006,0.126,75.3,0.059,0.023,0.97,2015-05-05
"Can1B","Canyon Lake, upper","srp","Canyon, hypo, upper",128.8,-0.001,93320,14150,7.021,6611,32000,1.538,0.531,9.917,20.6,0.077,1.172,1.816,4.726,4.172,2.718,510.4,1.811,-0.043,0.069,-0.005,0.125,73.45,0.044,0.038,0.96,2015-05-05
"Can2A","Canyon Lake, lower","srp","Canyon, eppi, lower",129,0,93730,14280,2.86,6507,31900,1.542,0.67,4.043,16.09,0.073,0.709,1.277,2.489,4.11,1.758,509.9,1.556,-0.042,0.057,-0.007,0.128,73.28,0.037,0.03,0.966,2015-05-05
"Can2B","Canyon Lake, lower","srp","Canyon, hypo, lower",130.1,-0.002,96930,14340,10.46,6566,32430,1.532,0.54,12.65,18.53,0.075,0.697,1.391,2.787,4.318,1.474,511.7,1.523,-0.034,0.095,-0.006,0.129,75.74,0.036,0.043,0.979,2015-05-05
"Hav","lake havasu state park",NA,"Havasu",NA,NA,NA,NA,NA,NA,NA,NA,NA,NA,NA,NA,NA,NA,NA,NA,NA,NA,NA,NA,NA,NA,NA,NA,NA,NA,NA,2015-05-05
"R10","Salt River below Saguaro (Blue Point Bridge)","salt","salt blw saguaro",116.5,0.009,75010,14080,0.39,6429,32760,1.348,0.808,14.02,7.315,0.093,0.628,2.463,0.665,4.69,2.708,511.5,2.133,-0.034,0.014,0.003,0.331,81.47,0.112,0.118,0.776,2015-05-05
"R25","verde river at beeline highway","verde","verde @ beeline",16.07,0.027,20630,17320,253.4,3008,23510,4.778,0.891,18.08,208.3,0.249,1.334,1.771,1.614,10.98,1.457,476.1,2.202,-0.033,0.018,0.002,0.163,43.28,0.086,0.358,0.922,2015-05-05
"R2A","Lake Pleasant integrated sample","cap","pleasant-epi",NA,NA,NA,NA,NA,NA,NA,NA,NA,NA,NA,NA,NA,NA,NA,NA,NA,NA,NA,NA,NA,NA,NA,NA,NA,NA,NA,2015-05-05
"R3","central arizona project","cap","central arizona project",38.05,0.053,73950,21010,25.09,4487,47630,2.214,0.775,3.42,24.01,0.183,1.375,2.147,1.876,2.305,2.754,999.6,4.865,0.002,0.073,0.036,0.357,106.3,0.207,0.112,2.832,2015-05-05
"Roos1A","theodore roosevelt lake, upper","srp","Roosevelt, eppi, upper",152.4,0.003,111700,14420,28.68,6635,34700,3.019,0.527,7.158,30.33,0.116,0.777,1.174,2.008,3.931,2.005,533.7,0.982,-0.044,0.032,-0.007,0.107,76.13,0.022,0.038,0.97,2015-05-05
"Roos1B","theodore roosevelt lake, upper","srp","Roosevelt, hypo, upper",153.5,0.01,114300,15170,104.6,6827,35590,2.593,0.577,26.62,95.04,0.154,0.913,1.833,2.856,3.669,3.436,554.8,1.144,-0.042,0.04,-0.006,0.128,90.22,0.02,0.252,1.08,2015-05-05
"Roos2A","theodore roosevelt lake, lower","srp","Roosevelt, eppi, lower",147.8,-0.003,115500,14770,10.88,6640,34700,2.912,0.579,1.653,10.02,0.1,0.758,1.068,2.119,3.795,2.126,541.1,1.153,-0.043,0.08,-0.008,0.132,87.51,0.018,0.015,1.093,2015-05-05
"Roos2B","theodore roosevelt lake, lower","srp","Roosevelt, hypo, lower",171.9,0,117200,16060,38.09,7302,36440,2.186,0.525,10.23,38.72,0.107,0.842,1.253,2.451,3.745,0.603,588.8,1.259,-0.042,0.062,-0.008,0.138,97.82,0.016,0.041,1.176,2015-05-05
"APA1A","Theodore Roosevelt Dam","srp","Apache, eppi, upper",155.5,0.005,256300,12030,11.54,7904,34800,2.294,1.561,7.541,19.2,0.097,0.804,1.516,2.484,5.745,1.988,348,1.944,-0.047,0.034,-0.013,0.173,83.08,0.052,0.05,1.756,2015-08-05
"APA1B","Theodore Roosevelt Dam","srp","Apache, hypo, upper",158.8,0.001,265000,12070,37.46,8172,41500,2.002,2.096,50.14,32.48,0.125,0.985,3.238,6.575,5.159,1.992,371.8,1.641,-0.047,0.119,-0.013,0.163,77.43,0.04,0.117,1.67,2015-08-05
"APA2A","apache lake","srp","Apache, eppi, lower",161.8,-0.002,269100,12150,4.364,8095,37930,4.19,1.568,3.379,18.78,0.089,0.838,1.343,2.061,4.864,2.277,369.8,1.468,-0.047,0.022,-0.013,0.167,90.53,0.038,0.048,1.769,2015-08-05
"APA2B","apache lake","srp","Apache, hypo, lower",156.5,0.003,261000,12130,3.572,7943,41010,1.903,1.674,29.39,12.66,0.097,0.866,1.717,2.405,3.675,0.815,374.9,1.683,-0.044,0.043,-0.014,0.156,67.86,0.037,0.034,1.706,2015-08-05
"Can1A","Canyon Lake, upper","srp","Canyon, eppi, upper",142.2,0.008,231400,11160,0.757,7009,38700,2.017,1.796,19.21,8.055,0.088,0.781,1.458,3.194,4.276,1.169,332,2.113,-0.045,0.054,-0.009,0.158,87.15,0.091,0.049,1.598,2015-08-05
"Can1B","Canyon Lake, upper","srp","Canyon, hypo, upper",141.7,0.009,234000,11280,13.81,7506,38860,2.054,1.927,42.23,22.95,0.1,1.041,40.16,9.415,4.334,1.478,339.4,2.026,-0.046,0.197,-0.009,0.164,87.12,0.075,0.161,1.606,2015-08-05
"Can2A","Canyon Lake, lower","srp","Canyon, eppi, lower",144,0.006,237100,11360,-0.559,7320,39500,1.922,1.541,35.92,11.56,0.084,0.79,1.074,4.227,4.488,2.431,341.6,1.957,-0.047,0.032,-0.012,0.151,86.66,0.061,0.041,1.625,2015-08-05
"Can2B","Canyon Lake, lower","srp","Canyon, hypo, lower",144.5,0.01,238700,11420,3.884,7456,39960,2.032,1.967,41.65,14.5,0.09,0.908,1.537,3.683,4.223,2.033,343.3,1.888,-0.047,0.075,-0.012,0.163,88.2,0.053,0.065,1.641,2015-08-05
"R10","Salt River below Saguaro (Blue Point Bridge)","salt","salt blw saguaro",139.5,0.018,223400,10950,-3.141,6700,38370,1.88,1.585,57.69,9.379,0.086,0.674,1.131,-0.12,4.512,0.784,319,2.411,-0.044,-0.001,0.001,0.144,80.87,0.161,0.081,1.481,2015-08-05
"R25","verde river at beeline highway","verde","verde @ beeline",18.35,0.028,24030,13870,145.2,2597,30490,5.624,2.449,30.29,116.2,0.236,1.173,1.62,0.094,12.04,1.241,308.1,2.681,-0.045,0.005,-0.01,0.125,32.44,0.102,0.49,1.648,2015-08-05
"R3","central arizona project","cap","central arizona project",36.71,0.041,77990,15890,1.953,4684,52390,2.475,1.35,17.09,3.966,0.133,1.174,1.863,-0.009,2.844,1.658,564.2,5.592,-0.039,0.013,0.022,0.316,66.76,0.258,0.031,4.327,2015-08-05
"Roos1A","theodore roosevelt lake, upper","srp","Roosevelt, eppi, upper",166.1,-0.002,276400,11960,19.79,8312,38130,4.697,1.328,8.621,30.8,0.116,0.863,1.766,2.423,5.151,1.622,367.7,1.309,-0.047,0.023,-0.013,0.16,87.83,0.03,0.082,1.638,2015-08-05
"Roos1B","theodore roosevelt lake, upper","srp","Roosevelt, hypo, upper",168.4,0.017,278900,11870,159.5,8554,40210,4.643,1.799,53.94,135.4,0.2,1.151,2.903,4.002,5.952,2.526,435.8,1.442,-0.045,0.037,-0.01,0.189,85.81,0.036,0.348,1.892,2015-08-05
"Roos2A","theodore roosevelt lake, lower","srp","Roosevelt, eppi, lower",159.9,0,265100,12450,3.361,8113,36330,2.233,1.434,2.72,9.374,0.077,0.723,1.261,1.271,5.422,3.108,361.1,1.869,-0.048,0.014,-0.015,0.164,85.47,0.034,0.045,1.838,2015-08-05
"Roos2B","theodore roosevelt lake, lower","srp","Roosevelt, hypo, lower",156.3,0.005,263400,12030,14.96,7931,43770,2.113,1.776,118.6,59.2,0.196,0.908,0.938,2.154,4.589,3.237,380.2,1.366,-0.049,0.027,-0.014,0.151,100.6,0.026,0.081,1.66,2015-08-05
"APA1A","Theodore Roosevelt Dam","srp","Apache, eppi, upper",175,0.007,246700,18260,NA,7493,46970,1.663,1.291,35.12,16.05,0.074,0.173,0.876,2.826,5.79,2.532,642.1,1.628,0,0.098,0.117,94.73,0.009,1.222,NA,NA,2015-11-04
"APA1B","Theodore Roosevelt Dam","srp","Apache, hypo, upper",170.4,0.005,241600,17660,NA,7311,49850,1.644,2.957,443.1,157.3,0.164,0.376,3.402,2.765,7.354,1.604,639.8,1.277,0.001,0.365,0.104,108.2,0.059,1.048,NA,NA,2015-11-04
"APA2A","apache lake","srp","Apache, eppi, lower",174.5,-0.003,246000,18270,NA,7463,47210,1.785,1.434,38.26,11.48,0.086,1.552,0.96,0.963,5.12,3.606,643.7,1.637,-0.001,0.042,0.118,96.16,0.003,1.278,NA,NA,2015-11-04
"APA2B","apache lake","srp","Apache, hypo, lower",174.3,-0.001,246000,18070,NA,7400,50460,1.374,1.422,212.6,45.88,0.108,0.245,1.24,1.818,5.972,3.724,650,1.366,-0.002,0.031,0.106,106.4,0.016,1.174,NA,NA,2015-11-04
"Can1A","Canyon Lake, upper","srp","Canyon, eppi, upper",172.2,0.005,244600,18120,NA,7320,48540,1.997,2.444,34.87,21.96,0.063,0.227,1.308,3.359,4.99,2.34,619.8,1.62,0,0.104,0.126,96.59,0.078,1.221,NA,NA,2015-11-04
"Can1B","Canyon Lake, upper","srp","Canyon, hypo, upper",167.1,0.001,236900,17640,NA,7210,47320,1.947,2.929,33.95,23,0.075,0.904,1.438,4.955,5.144,1.666,608.2,1.641,-0.001,0.176,0.112,94.18,0.028,1.161,NA,NA,2015-11-04
"Can2A","Canyon Lake, lower","srp","Canyon, eppi, lower",169.7,0.004,240100,17930,NA,7295,47490,1.681,1.487,39.78,17.92,0.056,0.23,1.363,2.828,5.478,2.838,622.1,1.622,0,0.071,0.119,96.55,0.137,1.205,NA,NA,2015-11-04
"Can2B","Canyon Lake, lower","srp","Canyon, hypo, lower",169.8,0.002,239900,17960,NA,7379,47700,1.68,1.52,37.45,24.75,0.065,0.321,1.154,4.253,5.354,3.365,622.7,1.65,0.003,0.141,0.117,96.81,0.043,1.193,NA,NA,2015-11-04
"Hav","lake havasu state park",NA,"Havasu",36.52,-0.051,79680,23320,NA,4599,54080,2.517,1.278,4.855,16.98,0.101,0.955,1.787,-1.21,2.433,3.383,1216,4.326,-0.037,-0.029,0.257,168.7,0.083,5.675,NA,NA,2015-11-04
"R10","Salt River below Saguaro (Blue Point Bridge)","salt","salt blw saguaro",167.8,0.002,243500,19690,NA,7476,54220,1.711,1.183,176.4,32.65,0.109,0.431,1.683,1.866,4.93,1.42,626.9,1.974,0,0.01,0.097,82.97,0.113,1.326,NA,NA,2015-11-04
"R25","verde river at beeline highway","verde","verde @ beeline",22.2,0.042,26600,24640,NA,3005,41280,5.735,1.781,70.52,282.6,0.446,1.108,1.514,0.657,13.96,-0.185,611.2,1.811,-0.001,0.012,0.062,52.8,1.101,1.159,NA,NA,2015-11-04
"R2A","Lake Pleasant integrated sample","cap","pleasant-epi",36.61,-0.049,79780,24740,NA,5017,51250,2.833,1.307,6.966,3.407,0.077,0.883,1.027,-1.42,3.908,2.466,1192,4.452,-0.038,-0.027,0.302,152,-0.011,5.52,NA,NA,2015-11-04
"R3","central arizona project","cap","central arizona project",43.74,0.047,85170,25720,NA,4919,104600,4.328,1.463,119,352.4,0.569,1.908,2.428,2.136,4.34,2.476,1245,4.218,0.004,0.019,0.234,172.3,2.073,3.605,NA,NA,2015-11-04
"Roos1A","theodore roosevelt lake, upper","srp","Roosevelt, eppi, upper",183.7,0.009,256000,17860,NA,7719,48710,4.781,1.405,13.55,66.63,0.126,0.362,1.828,1.026,5.974,2.515,649.3,1.293,-0.001,0.02,0.132,99.7,0.148,1.253,NA,NA,2015-11-04
"Roos1B","theodore roosevelt lake, upper","srp","Roosevelt, hypo, upper",184.5,0.017,256300,17830,NA,7703,49520,4.97,1.263,15.97,96.36,0.158,0.3,1.417,1.202,5.745,1.654,648.3,1.246,-0.001,0.027,0.131,99.56,0.229,1.257,NA,NA,2015-11-04
"Roos2A","theodore roosevelt lake, lower","srp","Roosevelt, eppi, lower",183.9,0.003,255000,18040,NA,7686,48790,4.366,1.148,19.76,15.03,0.082,0.089,0.599,-1.017,5.554,1.656,650.2,1.322,-0.002,-0.004,0.135,99.69,0.021,1.271,NA,NA,2015-11-04
"Roos2B","theodore roosevelt lake, lower","srp","Roosevelt, hypo, lower",NA,NA,NA,NA,NA,NA,NA,NA,NA,NA,NA,NA,NA,NA,NA,NA,NA,NA,NA,NA,NA,NA,NA,NA,NA,NA,NA,2015-11-04
